Class,Chapter,Question
Class 6 Science,Food: Where Does It Come From?,Explain in detail the key ideas discussed in the chapter 'Food: Where Does It Come From?'. Support your explanation with relevant examples.
Class 6 Science,Food: Where Does It Come From?,Describe the important concepts introduced in 'Food: Where Does It Come From?' and discuss why they are significant for understanding the topic.
Class 6 Science,Food: Where Does It Come From?,How does the chapter 'Food: Where Does It Come From?' relate to real-life situations? Provide at least two real-world applications or examples.
Class 6 Science,Food: Where Does It Come From?,Discuss the major learning outcomes from the chapter 'Food: Where Does It Come From?'. What should students understand after studying it?
Class 6 Science,Food: Where Does It Come From?,"Write an elaborate answer on the central theme of 'Food: Where Does It Come From?', highlighting the processes, examples, or ideas involved."
Class 6 Science,Components of Food,Explain in detail the key ideas discussed in the chapter 'Components of Food'. Support your explanation with relevant examples.
Class 6 Science,Components of Food,Describe the important concepts introduced in 'Components of Food' and discuss why they are significant for understanding the topic.
Class 6 Science,Components of Food,How does the chapter 'Components of Food' relate to real-life situations? Provide at least two real-world applications or examples.
Class 6 Science,Components of Food,Discuss the major learning outcomes from the chapter 'Components of Food'. What should students understand after studying it?
Class 6 Science,Components of Food,"Write an elaborate answer on the central theme of 'Components of Food', highlighting the processes, examples, or ideas involved."
Class 6 Science,Fibre to Fabric,Explain in detail the key ideas discussed in the chapter 'Fibre to Fabric'. Support your explanation with relevant examples.
Class 6 Science,Fibre to Fabric,Describe the important concepts introduced in 'Fibre to Fabric' and discuss why they are significant for understanding the topic.
Class 6 Science,Fibre to Fabric,How does the chapter 'Fibre to Fabric' relate to real-life situations? Provide at least two real-world applications or examples.
Class 6 Science,Fibre to Fabric,Discuss the major learning outcomes from the chapter 'Fibre to Fabric'. What should students understand after studying it?
Class 6 Science,Fibre to Fabric,"Write an elaborate answer on the central theme of 'Fibre to Fabric', highlighting the processes, examples, or ideas involved."
Class 6 Science,Sorting Materials and Groups,Explain in detail the key ideas discussed in the chapter 'Sorting Materials and Groups'. Support your explanation with relevant examples.
Class 6 Science,Sorting Materials and Groups,Describe the important concepts introduced in 'Sorting Materials and Groups' and discuss why they are significant for understanding the topic.
Class 6 Science,Sorting Materials and Groups,How does the chapter 'Sorting Materials and Groups' relate to real-life situations? Provide at least two real-world applications or examples.
Class 6 Science,Sorting Materials and Groups,Discuss the major learning outcomes from the chapter 'Sorting Materials and Groups'. What should students understand after studying it?
Class 6 Science,Sorting Materials and Groups,"Write an elaborate answer on the central theme of 'Sorting Materials and Groups', highlighting the processes, examples, or ideas involved."
Class 6 Science,Separation of Substances,Explain in detail the key ideas discussed in the chapter 'Separation of Substances'. Support your explanation with relevant examples.
Class 6 Science,Separation of Substances,Describe the important concepts introduced in 'Separation of Substances' and discuss why they are significant for understanding the topic.
Class 6 Science,Separation of Substances,How does the chapter 'Separation of Substances' relate to real-life situations? Provide at least two real-world applications or examples.
Class 6 Science,Separation of Substances,Discuss the major learning outcomes from the chapter 'Separation of Substances'. What should students understand after studying it?
Class 6 Science,Separation of Substances,"Write an elaborate answer on the central theme of 'Separation of Substances', highlighting the processes, examples, or ideas involved."
Class 6 Science,Changes Around Us,Explain in detail the key ideas discussed in the chapter 'Changes Around Us'. Support your explanation with relevant examples.
Class 6 Science,Changes Around Us,Describe the important concepts introduced in 'Changes Around Us' and discuss why they are significant for understanding the topic.
Class 6 Science,Changes Around Us,How does the chapter 'Changes Around Us' relate to real-life situations? Provide at least two real-world applications or examples.
Class 6 Science,Changes Around Us,Discuss the major learning outcomes from the chapter 'Changes Around Us'. What should students understand after studying it?
Class 6 Science,Changes Around Us,"Write an elaborate answer on the central theme of 'Changes Around Us', highlighting the processes, examples, or ideas involved."
Class 6 Science,Getting to Know Plants,Explain in detail the key ideas discussed in the chapter 'Getting to Know Plants'. Support your explanation with relevant examples.
Class 6 Science,Getting to Know Plants,Describe the important concepts introduced in 'Getting to Know Plants' and discuss why they are significant for understanding the topic.
Class 6 Science,Getting to Know Plants,How does the chapter 'Getting to Know Plants' relate to real-life situations? Provide at least two real-world applications or examples.
Class 6 Science,Getting to Know Plants,Discuss the major learning outcomes from the chapter 'Getting to Know Plants'. What should students understand after studying it?
Class 6 Science,Getting to Know Plants,"Write an elaborate answer on the central theme of 'Getting to Know Plants', highlighting the processes, examples, or ideas involved."
Class 6 Science,Body Movements,Explain in detail the key ideas discussed in the chapter 'Body Movements'. Support your explanation with relevant examples.
Class 6 Science,Body Movements,Describe the important concepts introduced in 'Body Movements' and discuss why they are significant for understanding the topic.
Class 6 Science,Body Movements,How does the chapter 'Body Movements' relate to real-life situations? Provide at least two real-world applications or examples.
Class 6 Science,Body Movements,Discuss the major learning outcomes from the chapter 'Body Movements'. What should students understand after studying it?
Class 6 Science,Body Movements,"Write an elaborate answer on the central theme of 'Body Movements', highlighting the processes, examples, or ideas involved."
Class 6 Science,The Living Organisms and Their Surroundings,Explain in detail the key ideas discussed in the chapter 'The Living Organisms and Their Surroundings'. Support your explanation with relevant examples.
Class 6 Science,The Living Organisms and Their Surroundings,Describe the important concepts introduced in 'The Living Organisms and Their Surroundings' and discuss why they are significant for understanding the topic.
Class 6 Science,The Living Organisms and Their Surroundings,How does the chapter 'The Living Organisms and Their Surroundings' relate to real-life situations? Provide at least two real-world applications or examples.
Class 6 Science,The Living Organisms and Their Surroundings,Discuss the major learning outcomes from the chapter 'The Living Organisms and Their Surroundings'. What should students understand after studying it?
Class 6 Science,The Living Organisms and Their Surroundings,"Write an elaborate answer on the central theme of 'The Living Organisms and Their Surroundings', highlighting the processes, examples, or ideas involved."
Class 6 Science,Motion and Measurement of Distances,Explain in detail the key ideas discussed in the chapter 'Motion and Measurement of Distances'. Support your explanation with relevant examples.
Class 6 Science,Motion and Measurement of Distances,Describe the important concepts introduced in 'Motion and Measurement of Distances' and discuss why they are significant for understanding the topic.
Class 6 Science,Motion and Measurement of Distances,How does the chapter 'Motion and Measurement of Distances' relate to real-life situations? Provide at least two real-world applications or examples.
Class 6 Science,Motion and Measurement of Distances,Discuss the major learning outcomes from the chapter 'Motion and Measurement of Distances'. What should students understand after studying it?
Class 6 Science,Motion and Measurement of Distances,"Write an elaborate answer on the central theme of 'Motion and Measurement of Distances', highlighting the processes, examples, or ideas involved."
Class 6 Science,"Light, Shadows and Reflections","Explain in detail the key ideas discussed in the chapter 'Light, Shadows and Reflections'. Support your explanation with relevant examples."
Class 6 Science,"Light, Shadows and Reflections","Describe the important concepts introduced in 'Light, Shadows and Reflections' and discuss why they are significant for understanding the topic."
Class 6 Science,"Light, Shadows and Reflections","How does the chapter 'Light, Shadows and Reflections' relate to real-life situations? Provide at least two real-world applications or examples."
Class 6 Science,"Light, Shadows and Reflections","Discuss the major learning outcomes from the chapter 'Light, Shadows and Reflections'. What should students understand after studying it?"
Class 6 Science,"Light, Shadows and Reflections","Write an elaborate answer on the central theme of 'Light, Shadows and Reflections', highlighting the processes, examples, or ideas involved."
Class 6 Science,Electricity and Circuits,Explain in detail the key ideas discussed in the chapter 'Electricity and Circuits'. Support your explanation with relevant examples.
Class 6 Science,Electricity and Circuits,Describe the important concepts introduced in 'Electricity and Circuits' and discuss why they are significant for understanding the topic.
Class 6 Science,Electricity and Circuits,How does the chapter 'Electricity and Circuits' relate to real-life situations? Provide at least two real-world applications or examples.
Class 6 Science,Electricity and Circuits,Discuss the major learning outcomes from the chapter 'Electricity and Circuits'. What should students understand after studying it?
Class 6 Science,Electricity and Circuits,"Write an elaborate answer on the central theme of 'Electricity and Circuits', highlighting the processes, examples, or ideas involved."
Class 6 Science,Fun with Magnets,Explain in detail the key ideas discussed in the chapter 'Fun with Magnets'. Support your explanation with relevant examples.
Class 6 Science,Fun with Magnets,Describe the important concepts introduced in 'Fun with Magnets' and discuss why they are significant for understanding the topic.
Class 6 Science,Fun with Magnets,How does the chapter 'Fun with Magnets' relate to real-life situations? Provide at least two real-world applications or examples.
Class 6 Science,Fun with Magnets,Discuss the major learning outcomes from the chapter 'Fun with Magnets'. What should students understand after studying it?
Class 6 Science,Fun with Magnets,"Write an elaborate answer on the central theme of 'Fun with Magnets', highlighting the processes, examples, or ideas involved."
Class 6 Science,Water,Explain in detail the key ideas discussed in the chapter 'Water'. Support your explanation with relevant examples.
Class 6 Science,Water,Describe the important concepts introduced in 'Water' and discuss why they are significant for understanding the topic.
Class 6 Science,Water,How does the chapter 'Water' relate to real-life situations? Provide at least two real-world applications or examples.
Class 6 Science,Water,Discuss the major learning outcomes from the chapter 'Water'. What should students understand after studying it?
Class 6 Science,Water,"Write an elaborate answer on the central theme of 'Water', highlighting the processes, examples, or ideas involved."
Class 6 Science,Air Around Us,Explain in detail the key ideas discussed in the chapter 'Air Around Us'. Support your explanation with relevant examples.
Class 6 Science,Air Around Us,Describe the important concepts introduced in 'Air Around Us' and discuss why they are significant for understanding the topic.
Class 6 Science,Air Around Us,How does the chapter 'Air Around Us' relate to real-life situations? Provide at least two real-world applications or examples.
Class 6 Science,Air Around Us,Discuss the major learning outcomes from the chapter 'Air Around Us'. What should students understand after studying it?
Class 6 Science,Air Around Us,"Write an elaborate answer on the central theme of 'Air Around Us', highlighting the processes, examples, or ideas involved."
Class 6 Science,"Garbage In, Garbage Out","Explain in detail the key ideas discussed in the chapter 'Garbage In, Garbage Out'. Support your explanation with relevant examples."
Class 6 Science,"Garbage In, Garbage Out","Describe the important concepts introduced in 'Garbage In, Garbage Out' and discuss why they are significant for understanding the topic."
Class 6 Science,"Garbage In, Garbage Out","How does the chapter 'Garbage In, Garbage Out' relate to real-life situations? Provide at least two real-world applications or examples."
Class 6 Science,"Garbage In, Garbage Out","Discuss the major learning outcomes from the chapter 'Garbage In, Garbage Out'. What should students understand after studying it?"
Class 6 Science,"Garbage In, Garbage Out","Write an elaborate answer on the central theme of 'Garbage In, Garbage Out', highlighting the processes, examples, or ideas involved."
Class 7 Social Science – Social & Political Life II,Equality in Indian Democracy,Explain in detail the key ideas discussed in the chapter 'Equality in Indian Democracy'. Support your explanation with relevant examples.
Class 7 Social Science – Social & Political Life II,Equality in Indian Democracy,Describe the important concepts introduced in 'Equality in Indian Democracy' and discuss why they are significant for understanding the topic.
Class 7 Social Science – Social & Political Life II,Equality in Indian Democracy,How does the chapter 'Equality in Indian Democracy' relate to real-life situations? Provide at least two real-world applications or examples.
Class 7 Social Science – Social & Political Life II,Equality in Indian Democracy,Discuss the major learning outcomes from the chapter 'Equality in Indian Democracy'. What should students understand after studying it?
Class 7 Social Science – Social & Political Life II,Equality in Indian Democracy,"Write an elaborate answer on the central theme of 'Equality in Indian Democracy', highlighting the processes, examples, or ideas involved."
Class 7 Social Science – Social & Political Life II,Role of the Government in Health,Explain in detail the key ideas discussed in the chapter 'Role of the Government in Health'. Support your explanation with relevant examples.
Class 7 Social Science – Social & Political Life II,Role of the Government in Health,Describe the important concepts introduced in 'Role of the Government in Health' and discuss why they are significant for understanding the topic.
Class 7 Social Science – Social & Political Life II,Role of the Government in Health,How does the chapter 'Role of the Government in Health' relate to real-life situations? Provide at least two real-world applications or examples.
Class 7 Social Science – Social & Political Life II,Role of the Government in Health,Discuss the major learning outcomes from the chapter 'Role of the Government in Health'. What should students understand after studying it?
Class 7 Social Science – Social & Political Life II,Role of the Government in Health,"Write an elaborate answer on the central theme of 'Role of the Government in Health', highlighting the processes, examples, or ideas involved."
Class 7 Social Science – Social & Political Life II,How the State Government Works,Explain in detail the key ideas discussed in the chapter 'How the State Government Works'. Support your explanation with relevant examples.
Class 7 Social Science – Social & Political Life II,How the State Government Works,Describe the important concepts introduced in 'How the State Government Works' and discuss why they are significant for understanding the topic.
Class 7 Social Science – Social & Political Life II,How the State Government Works,How does the chapter 'How the State Government Works' relate to real-life situations? Provide at least two real-world applications or examples.
Class 7 Social Science – Social & Political Life II,How the State Government Works,Discuss the major learning outcomes from the chapter 'How the State Government Works'. What should students understand after studying it?
Class 7 Social Science – Social & Political Life II,How the State Government Works,"Write an elaborate answer on the central theme of 'How the State Government Works', highlighting the processes, examples, or ideas involved."
Class 7 Social Science – Social & Political Life II,Growing up as Boys and Girls,Explain in detail the key ideas discussed in the chapter 'Growing up as Boys and Girls'. Support your explanation with relevant examples.
Class 7 Social Science – Social & Political Life II,Growing up as Boys and Girls,Describe the important concepts introduced in 'Growing up as Boys and Girls' and discuss why they are significant for understanding the topic.
Class 7 Social Science – Social & Political Life II,Growing up as Boys and Girls,How does the chapter 'Growing up as Boys and Girls' relate to real-life situations? Provide at least two real-world applications or examples.
Class 7 Social Science – Social & Political Life II,Growing up as Boys and Girls,Discuss the major learning outcomes from the chapter 'Growing up as Boys and Girls'. What should students understand after studying it?
Class 7 Social Science – Social & Political Life II,Growing up as Boys and Girls,"Write an elaborate answer on the central theme of 'Growing up as Boys and Girls', highlighting the processes, examples, or ideas involved."
Class 7 Social Science – Social & Political Life II,Women Change the World,Explain in detail the key ideas discussed in the chapter 'Women Change the World'. Support your explanation with relevant examples.
Class 7 Social Science – Social & Political Life II,Women Change the World,Describe the important concepts introduced in 'Women Change the World' and discuss why they are significant for understanding the topic.
Class 7 Social Science – Social & Political Life II,Women Change the World,How does the chapter 'Women Change the World' relate to real-life situations? Provide at least two real-world applications or examples.
Class 7 Social Science – Social & Political Life II,Women Change the World,Discuss the major learning outcomes from the chapter 'Women Change the World'. What should students understand after studying it?
Class 7 Social Science – Social & Political Life II,Women Change the World,"Write an elaborate answer on the central theme of 'Women Change the World', highlighting the processes, examples, or ideas involved."
Class 7 Social Science – Social & Political Life II,Understanding Media,Explain in detail the key ideas discussed in the chapter 'Understanding Media'. Support your explanation with relevant examples.
Class 7 Social Science – Social & Political Life II,Understanding Media,Describe the important concepts introduced in 'Understanding Media' and discuss why they are significant for understanding the topic.
Class 7 Social Science – Social & Political Life II,Understanding Media,How does the chapter 'Understanding Media' relate to real-life situations? Provide at least two real-world applications or examples.
Class 7 Social Science – Social & Political Life II,Understanding Media,Discuss the major learning outcomes from the chapter 'Understanding Media'. What should students understand after studying it?
Class 7 Social Science – Social & Political Life II,Understanding Media,"Write an elaborate answer on the central theme of 'Understanding Media', highlighting the processes, examples, or ideas involved."
Class 7 Social Science – Social & Political Life II,Understanding Advertising,Explain in detail the key ideas discussed in the chapter 'Understanding Advertising'. Support your explanation with relevant examples.
Class 7 Social Science – Social & Political Life II,Understanding Advertising,Describe the important concepts introduced in 'Understanding Advertising' and discuss why they are significant for understanding the topic.
Class 7 Social Science – Social & Political Life II,Understanding Advertising,How does the chapter 'Understanding Advertising' relate to real-life situations? Provide at least two real-world applications or examples.
Class 7 Social Science – Social & Political Life II,Understanding Advertising,Discuss the major learning outcomes from the chapter 'Understanding Advertising'. What should students understand after studying it?
Class 7 Social Science – Social & Political Life II,Understanding Advertising,"Write an elaborate answer on the central theme of 'Understanding Advertising', highlighting the processes, examples, or ideas involved."
Class 7 Social Science – Social & Political Life II,Markets Around Us,Explain in detail the key ideas discussed in the chapter 'Markets Around Us'. Support your explanation with relevant examples.
Class 7 Social Science – Social & Political Life II,Markets Around Us,Describe the important concepts introduced in 'Markets Around Us' and discuss why they are significant for understanding the topic.
Class 7 Social Science – Social & Political Life II,Markets Around Us,How does the chapter 'Markets Around Us' relate to real-life situations? Provide at least two real-world applications or examples.
Class 7 Social Science – Social & Political Life II,Markets Around Us,Discuss the major learning outcomes from the chapter 'Markets Around Us'. What should students understand after studying it?
Class 7 Social Science – Social & Political Life II,Markets Around Us,"Write an elaborate answer on the central theme of 'Markets Around Us', highlighting the processes, examples, or ideas involved."
Class 7 Social Science – Social & Political Life II,A Shirt in the Market,Explain in detail the key ideas discussed in the chapter 'A Shirt in the Market'. Support your explanation with relevant examples.
Class 7 Social Science – Social & Political Life II,A Shirt in the Market,Describe the important concepts introduced in 'A Shirt in the Market' and discuss why they are significant for understanding the topic.
Class 7 Social Science – Social & Political Life II,A Shirt in the Market,How does the chapter 'A Shirt in the Market' relate to real-life situations? Provide at least two real-world applications or examples.
Class 7 Social Science – Social & Political Life II,A Shirt in the Market,Discuss the major learning outcomes from the chapter 'A Shirt in the Market'. What should students understand after studying it?
Class 7 Social Science – Social & Political Life II,A Shirt in the Market,"Write an elaborate answer on the central theme of 'A Shirt in the Market', highlighting the processes, examples, or ideas involved."
Class 8 Social Science – Social & Political Life III,The Indian Constitution,Explain in detail the key ideas discussed in the chapter 'The Indian Constitution'. Support your explanation with relevant examples.
Class 8 Social Science – Social & Political Life III,The Indian Constitution,Describe the important concepts introduced in 'The Indian Constitution' and discuss why they are significant for understanding the topic.
Class 8 Social Science – Social & Political Life III,The Indian Constitution,How does the chapter 'The Indian Constitution' relate to real-life situations? Provide at least two real-world applications or examples.
Class 8 Social Science – Social & Political Life III,The Indian Constitution,Discuss the major learning outcomes from the chapter 'The Indian Constitution'. What should students understand after studying it?
Class 8 Social Science – Social & Political Life III,The Indian Constitution,"Write an elaborate answer on the central theme of 'The Indian Constitution', highlighting the processes, examples, or ideas involved."
Class 8 Social Science – Social & Political Life III,Understanding Secularism,Explain in detail the key ideas discussed in the chapter 'Understanding Secularism'. Support your explanation with relevant examples.
Class 8 Social Science – Social & Political Life III,Understanding Secularism,Describe the important concepts introduced in 'Understanding Secularism' and discuss why they are significant for understanding the topic.
Class 8 Social Science – Social & Political Life III,Understanding Secularism,How does the chapter 'Understanding Secularism' relate to real-life situations? Provide at least two real-world applications or examples.
Class 8 Social Science – Social & Political Life III,Understanding Secularism,Discuss the major learning outcomes from the chapter 'Understanding Secularism'. What should students understand after studying it?
Class 8 Social Science – Social & Political Life III,Understanding Secularism,"Write an elaborate answer on the central theme of 'Understanding Secularism', highlighting the processes, examples, or ideas involved."
Class 8 Social Science – Social & Political Life III,Parliament and the Making of Laws,Explain in detail the key ideas discussed in the chapter 'Parliament and the Making of Laws'. Support your explanation with relevant examples.
Class 8 Social Science – Social & Political Life III,Parliament and the Making of Laws,Describe the important concepts introduced in 'Parliament and the Making of Laws' and discuss why they are significant for understanding the topic.
Class 8 Social Science – Social & Political Life III,Parliament and the Making of Laws,How does the chapter 'Parliament and the Making of Laws' relate to real-life situations? Provide at least two real-world applications or examples.
Class 8 Social Science – Social & Political Life III,Parliament and the Making of Laws,Discuss the major learning outcomes from the chapter 'Parliament and the Making of Laws'. What should students understand after studying it?
Class 8 Social Science – Social & Political Life III,Parliament and the Making of Laws,"Write an elaborate answer on the central theme of 'Parliament and the Making of Laws', highlighting the processes, examples, or ideas involved."
Class 8 Social Science – Social & Political Life III,Judiciary,Explain in detail the key ideas discussed in the chapter 'Judiciary'. Support your explanation with relevant examples.
Class 8 Social Science – Social & Political Life III,Judiciary,Describe the important concepts introduced in 'Judiciary' and discuss why they are significant for understanding the topic.
Class 8 Social Science – Social & Political Life III,Judiciary,How does the chapter 'Judiciary' relate to real-life situations? Provide at least two real-world applications or examples.
Class 8 Social Science – Social & Political Life III,Judiciary,Discuss the major learning outcomes from the chapter 'Judiciary'. What should students understand after studying it?
Class 8 Social Science – Social & Political Life III,Judiciary,"Write an elaborate answer on the central theme of 'Judiciary', highlighting the processes, examples, or ideas involved."
Class 8 Social Science – Social & Political Life III,Understanding Marginalisation,Explain in detail the key ideas discussed in the chapter 'Understanding Marginalisation'. Support your explanation with relevant examples.
Class 8 Social Science – Social & Political Life III,Understanding Marginalisation,Describe the important concepts introduced in 'Understanding Marginalisation' and discuss why they are significant for understanding the topic.
Class 8 Social Science – Social & Political Life III,Understanding Marginalisation,How does the chapter 'Understanding Marginalisation' relate to real-life situations? Provide at least two real-world applications or examples.
Class 8 Social Science – Social & Political Life III,Understanding Marginalisation,Discuss the major learning outcomes from the chapter 'Understanding Marginalisation'. What should students understand after studying it?
Class 8 Social Science – Social & Political Life III,Understanding Marginalisation,"Write an elaborate answer on the central theme of 'Understanding Marginalisation', highlighting the processes, examples, or ideas involved."
Class 8 Social Science – Social & Political Life III,Confronting Marginalisation,Explain in detail the key ideas discussed in the chapter 'Confronting Marginalisation'. Support your explanation with relevant examples.
Class 8 Social Science – Social & Political Life III,Confronting Marginalisation,Describe the important concepts introduced in 'Confronting Marginalisation' and discuss why they are significant for understanding the topic.
Class 8 Social Science – Social & Political Life III,Confronting Marginalisation,How does the chapter 'Confronting Marginalisation' relate to real-life situations? Provide at least two real-world applications or examples.
Class 8 Social Science – Social & Political Life III,Confronting Marginalisation,Discuss the major learning outcomes from the chapter 'Confronting Marginalisation'. What should students understand after studying it?
Class 8 Social Science – Social & Political Life III,Confronting Marginalisation,"Write an elaborate answer on the central theme of 'Confronting Marginalisation', highlighting the processes, examples, or ideas involved."
Class 8 Social Science – Social & Political Life III,Public Facilities,Explain in detail the key ideas discussed in the chapter 'Public Facilities'. Support your explanation with relevant examples.
Class 8 Social Science – Social & Political Life III,Public Facilities,Describe the important concepts introduced in 'Public Facilities' and discuss why they are significant for understanding the topic.
Class 8 Social Science – Social & Political Life III,Public Facilities,How does the chapter 'Public Facilities' relate to real-life situations? Provide at least two real-world applications or examples.
Class 8 Social Science – Social & Political Life III,Public Facilities,Discuss the major learning outcomes from the chapter 'Public Facilities'. What should students understand after studying it?
Class 8 Social Science – Social & Political Life III,Public Facilities,"Write an elaborate answer on the central theme of 'Public Facilities', highlighting the processes, examples, or ideas involved."
Class 8 Social Science – Social & Political Life III,Law and Social Justice,Explain in detail the key ideas discussed in the chapter 'Law and Social Justice'. Support your explanation with relevant examples.
Class 8 Social Science – Social & Political Life III,Law and Social Justice,Describe the important concepts introduced in 'Law and Social Justice' and discuss why they are significant for understanding the topic.
Class 8 Social Science – Social & Political Life III,Law and Social Justice,How does the chapter 'Law and Social Justice' relate to real-life situations? Provide at least two real-world applications or examples.
Class 8 Social Science – Social & Political Life III,Law and Social Justice,Discuss the major learning outcomes from the chapter 'Law and Social Justice'. What should students understand after studying it?
Class 8 Social Science – Social & Political Life III,Law and Social Justice,"Write an elaborate answer on the central theme of 'Law and Social Justice', highlighting the processes, examples, or ideas involved."
